layer_combo,sparsity,k_mode,trigger,ratio,clean_acc,trojan_acc,steps
[0],0,contig_best,original,1.1,0.9800000190734863,0.0935,5000
[0],0,contig_best,original,1.1,0.972000002861023,0.09,-2
[0],0,contig_best,original,1.1,0.9675000011920929,0.0935,-1
[0],100,contig_best,original,1.1,0.726500004529953,0.777,5000
[0],100,contig_best,original,1.1,0.9750000238418579,0.089,-2
[0],100,contig_best,original,1.1,0.7384999990463257,0.7885,-1
[0],200,contig_best,original,1.1,0.8480000197887421,0.904,5000
[0],200,contig_best,original,1.1,0.9710000157356262,0.0925,-2
[0],200,contig_best,original,1.1,0.862500011920929,0.9095,-1
[0],300,contig_best,original,1.1,0.909500002861023,0.96,5000
[0],300,contig_best,original,1.1,0.9724999964237213,0.0875,-2
[0],300,contig_best,original,1.1,0.9169999957084656,0.964,-1
[0],400,contig_best,original,1.1,0.9334999918937683,0.982,5000
[0],400,contig_best,original,1.1,0.9780000150203705,0.0985,-2
[0],400,contig_best,original,1.1,0.9305000007152557,0.983,-1
[0],500,contig_best,original,1.1,0.945499986410141,0.991,5000
[0],500,contig_best,original,1.1,0.9745000004768372,0.0805,-2
[0],500,contig_best,original,1.1,0.94200000166893,0.9825,-1
[0],600,contig_best,original,1.1,0.9524999856948853,0.993,5000
[0],600,contig_best,original,1.1,0.9799999892711639,0.082,-2
[0],600,contig_best,original,1.1,0.9560000002384186,0.9945,-1
[0],700,contig_best,original,1.1,0.9590000212192535,0.9855,5000
[0],700,contig_best,original,1.1,0.9745000004768372,0.0855,-2
[0],700,contig_best,original,1.1,0.9560000002384186,0.989,-1
[0],800,contig_best,original,1.1,0.9519999921321869,0.992,4000
[0],800,contig_best,original,1.1,0.9750000238418579,0.081,-2
[0],800,contig_best,original,1.1,0.9509999752044678,0.9935,-1
[0],900,contig_best,original,1.1,0.9539999961853027,0.9915,5000
[0],900,contig_best,original,1.1,0.9760000109672546,0.0885,-2
[0],900,contig_best,original,1.1,0.953000009059906,0.993,-1
[0],1000,contig_best,original,1.1,0.9524999856948853,0.9865,4000
[0],1000,contig_best,original,1.1,0.9774999916553497,0.0905,-2
[0],1000,contig_best,original,1.1,0.9569999873638153,0.9935,-1
[0],1100,contig_best,original,1.1,0.9479999840259552,0.994,5000
[0],1100,contig_best,original,1.1,0.9729999899864197,0.081,-2
[0],1100,contig_best,original,1.1,0.9539999961853027,0.988,-1
[0],1200,contig_best,original,1.1,0.9465000033378601,0.9925,5000
[0],1200,contig_best,original,1.1,0.973499983549118,0.0855,-2
[0],1200,contig_best,original,1.1,0.9434999823570251,0.996,-1
[0],1300,contig_best,original,1.1,0.9444999992847443,0.9905,5000
[0],1300,contig_best,original,1.1,0.9814999997615814,0.102,-2
[0],1300,contig_best,original,1.1,0.9430000185966492,0.9945,-1
[0],1400,contig_best,original,1.1,0.9560000002384186,0.9925,5000
[0],1400,contig_best,original,1.1,0.9774999916553497,0.0885,-2
[0],1400,contig_best,original,1.1,0.9519999921321869,0.9895,-1
[0],1500,contig_best,original,1.1,0.945499986410141,0.9915,5000
[0],1500,contig_best,original,1.1,0.9755000174045563,0.0845,-2
[0],1500,contig_best,original,1.1,0.949999988079071,0.9935,-1
[0],1600,contig_best,original,1.1,0.9484999775886536,0.9965,5000
[0],1600,contig_best,original,1.1,0.9724999964237213,0.098,-2
[0],1600,contig_best,original,1.1,0.9544999897480011,0.9945,-1
[0],1700,contig_best,original,1.1,0.9510000050067902,0.993,5000
[0],1700,contig_best,original,1.1,0.976500004529953,0.081,-2
[0],1700,contig_best,original,1.1,0.9524999856948853,0.989,-1
[0],1800,contig_best,original,1.1,0.9539999961853027,0.9925,5000
[0],1800,contig_best,original,1.1,0.9715000092983246,0.0875,-2
[0],1800,contig_best,original,1.1,0.94200000166893,0.991,-1
[0],1900,contig_best,original,1.1,0.9550000131130219,0.9885,3000
[0],1900,contig_best,original,1.1,0.9779999852180481,0.0785,-2
[0],1900,contig_best,original,1.1,0.9514999985694885,0.9895,-1
[0],2000,contig_best,original,1.1,0.9504999816417694,0.9905,5000
[0],2000,contig_best,original,1.1,0.9710000157356262,0.088,-2
[0],2000,contig_best,original,1.1,0.9504999816417694,0.989,-1
[0],2100,contig_best,original,1.1,0.9509999752044678,0.9925,5000
[0],2100,contig_best,original,1.1,0.9695000052452087,0.0945,-2
[0],2100,contig_best,original,1.1,0.9580000042915344,0.9905,-1
[0],2200,contig_best,original,1.1,0.9549999833106995,0.9875,5000
[0],2200,contig_best,original,1.1,0.968500018119812,0.0845,-2
[0],2200,contig_best,original,1.1,0.9560000002384186,0.9905,-1
[0],2300,contig_best,original,1.1,0.953499972820282,0.994,5000
[0],2300,contig_best,original,1.1,0.9769999980926514,0.086,-2
[0],2300,contig_best,original,1.1,0.9649999737739563,0.9915,-1
[0],2400,contig_best,original,1.1,0.9539999961853027,0.9925,5000
[0],2400,contig_best,original,1.1,0.9729999899864197,0.083,-2
[0],2400,contig_best,original,1.1,0.9514999985694885,0.9915,-1
[0],2500,contig_best,original,1.1,0.9529999792575836,0.9925,5000
[0],2500,contig_best,original,1.1,0.9780000150203705,0.0915,-2
[0],2500,contig_best,original,1.1,0.9554999768733978,0.993,-1
[0],2600,contig_best,original,1.1,0.9594999849796295,0.9905,5000
[0],2600,contig_best,original,1.1,0.9749999940395355,0.0915,-2
[0],2600,contig_best,original,1.1,0.9500000178813934,0.992,-1
[0],2700,contig_best,original,1.1,0.9535000026226044,0.9935,5000
[0],2700,contig_best,original,1.1,0.979500025510788,0.0865,-2
[0],2700,contig_best,original,1.1,0.9509999752044678,0.994,-1
[0],2800,contig_best,original,1.1,0.9519999921321869,0.9925,4000
[0],2800,contig_best,original,1.1,0.9745000004768372,0.081,-2
[0],2800,contig_best,original,1.1,0.9519999921321869,0.9925,-1
[0],2900,contig_best,original,1.1,0.9494999945163727,0.9935,5000
[0],2900,contig_best,original,1.1,0.9745000004768372,0.0905,-2
[0],2900,contig_best,original,1.1,0.9449999928474426,0.988,-1
[0],3000,contig_best,original,1.1,0.9465000033378601,0.9955,5000
[0],3000,contig_best,original,1.1,0.9725000262260437,0.0945,-2
[0],3000,contig_best,original,1.1,0.9545000195503235,0.994,-1
[0],3100,contig_best,original,1.1,0.948500007390976,0.994,5000
[0],3100,contig_best,original,1.1,0.9745000004768372,0.08,-2
[0],3100,contig_best,original,1.1,0.9494999945163727,0.993,-1
[0],3200,contig_best,original,1.1,0.9615000188350677,0.9935,5000
[0],3200,contig_best,original,1.1,0.976500004529953,0.0935,-2
[0],3200,contig_best,original,1.1,0.9494999945163727,0.9925,-1
[0],3300,contig_best,original,1.1,0.9555000066757202,0.99,5000
[0],3300,contig_best,original,1.1,0.9770000278949738,0.0865,-2
[0],3300,contig_best,original,1.1,0.9469999969005585,0.992,-1
[0],3400,contig_best,original,1.1,0.9584999978542328,0.9925,5000
[0],3400,contig_best,original,1.1,0.9794999957084656,0.094,-2
[0],3400,contig_best,original,1.1,0.9475000202655792,0.994,-1
[0],3500,contig_best,original,1.1,0.9490000009536743,0.997,5000
[0],3500,contig_best,original,1.1,0.9755000174045563,0.087,-2
[0],3500,contig_best,original,1.1,0.9560000002384186,0.9935,-1
[0],3600,contig_best,original,1.1,0.9569999873638153,0.9875,5000
[0],3600,contig_best,original,1.1,0.9810000061988831,0.102,-2
[0],3600,contig_best,original,1.1,0.9554999768733978,0.988,-1
[0],3700,contig_best,original,1.1,0.9519999921321869,0.988,5000
[0],3700,contig_best,original,1.1,0.9779999852180481,0.085,-2
[0],3700,contig_best,original,1.1,0.9465000033378601,0.9915,-1
[0],3800,contig_best,original,1.1,0.9525000154972076,0.9905,5000
[0],3800,contig_best,original,1.1,0.9769999980926514,0.1,-2
[0],3800,contig_best,original,1.1,0.9524999856948853,0.99,-1
[0],3900,contig_best,original,1.1,0.9605000019073486,0.9885,4000
[0],3900,contig_best,original,1.1,0.9774999916553497,0.084,-2
[0],3900,contig_best,original,1.1,0.9449999928474426,0.9935,-1
[0],4000,contig_best,original,1.1,0.949999988079071,0.987,4000
[0],4000,contig_best,original,1.1,0.9740000069141388,0.0905,-2
[0],4000,contig_best,original,1.1,0.9589999914169312,0.995,-1
[0],4100,contig_best,original,1.1,0.949999988079071,0.995,5000
[0],4100,contig_best,original,1.1,0.9709999859333038,0.0865,-2
[0],4100,contig_best,original,1.1,0.9474999904632568,0.9955,-1
[0],4200,contig_best,original,1.1,0.9490000009536743,0.9915,5000
[0],4200,contig_best,original,1.1,0.9699999988079071,0.0815,-2
[0],4200,contig_best,original,1.1,0.9594999849796295,0.993,-1
[0],4300,contig_best,original,1.1,0.9539999961853027,0.991,5000
[0],4300,contig_best,original,1.1,0.9705000221729279,0.084,-2
[0],4300,contig_best,original,1.1,0.945000022649765,0.992,-1
[0],4400,contig_best,original,1.1,0.9580000042915344,0.991,4000
[0],4400,contig_best,original,1.1,0.9769999980926514,0.0985,-2
[0],4400,contig_best,original,1.1,0.9514999985694885,0.99,-1
[0],4500,contig_best,original,1.1,0.9495000243186951,0.9895,5000
[0],4500,contig_best,original,1.1,0.9790000021457672,0.0825,-2
[0],4500,contig_best,original,1.1,0.9520000219345093,0.9895,-1
[0],4600,contig_best,original,1.1,0.9460000097751617,0.9965,5000
[0],4600,contig_best,original,1.1,0.9745000004768372,0.0735,-2
[0],4600,contig_best,original,1.1,0.9535000026226044,0.997,-1
[0],4700,contig_best,original,1.1,0.9544999897480011,0.9935,4000
[0],4700,contig_best,original,1.1,0.9769999980926514,0.0865,-2
[0],4700,contig_best,original,1.1,0.953000009059906,0.994,-1
[0],4800,contig_best,original,1.1,0.9474999904632568,0.9905,5000
[0],4800,contig_best,original,1.1,0.9710000157356262,0.092,-2
[0],4800,contig_best,original,1.1,0.9465000033378601,0.992,-1
[0],4900,contig_best,original,1.1,0.9475000202655792,0.9945,5000
[0],4900,contig_best,original,1.1,0.9779999852180481,0.0855,-2
[0],4900,contig_best,original,1.1,0.9434999823570251,0.9945,-1
[0],5000,contig_best,original,1.1,0.9520000219345093,0.9965,5000
[0],5000,contig_best,original,1.1,0.9799999892711639,0.0925,-2
[0],5000,contig_best,original,1.1,0.9494999945163727,0.993,-1
[0],5100,contig_best,original,1.1,0.9539999961853027,0.995,5000
[0],5100,contig_best,original,1.1,0.976500004529953,0.0805,-2
[0],5100,contig_best,original,1.1,0.949999988079071,0.9965,-1
[0],5200,contig_best,original,1.1,0.960999995470047,0.9905,5000
[0],5200,contig_best,original,1.1,0.976500004529953,0.087,-2
[0],5200,contig_best,original,1.1,0.9520000219345093,0.994,-1
[0],5300,contig_best,original,1.1,0.9490000009536743,0.991,4000
[0],5300,contig_best,original,1.1,0.9724999964237213,0.0905,-2
[0],5300,contig_best,original,1.1,0.9519999921321869,0.991,-1
[0],5400,contig_best,original,1.1,0.9549999833106995,0.996,5000
[0],5400,contig_best,original,1.1,0.9745000004768372,0.091,-2
[0],5400,contig_best,original,1.1,0.9490000009536743,0.9925,-1
[0],5500,contig_best,original,1.1,0.9519999921321869,0.9935,5000
[0],5500,contig_best,original,1.1,0.9750000238418579,0.0905,-2
[0],5500,contig_best,original,1.1,0.9549999833106995,0.991,-1
[0],5600,contig_best,original,1.1,0.9494999945163727,0.992,4000
[0],5600,contig_best,original,1.1,0.9760000109672546,0.092,-2
[0],5600,contig_best,original,1.1,0.953000009059906,0.9945,-1
[0],5700,contig_best,original,1.1,0.953499972820282,0.9965,5000
[0],5700,contig_best,original,1.1,0.9749999940395355,0.086,-2
[0],5700,contig_best,original,1.1,0.9525000154972076,0.991,-1
[0],5800,contig_best,original,1.1,0.9580000042915344,0.9935,5000
[0],5800,contig_best,original,1.1,0.9774999916553497,0.085,-2
[0],5800,contig_best,original,1.1,0.9544999897480011,0.988,-1
[0],5900,contig_best,original,1.1,0.9554999768733978,0.992,4000
[0],5900,contig_best,original,1.1,0.9704999923706055,0.0885,-2
[0],5900,contig_best,original,1.1,0.9535000026226044,0.9885,-1
[0],6000,contig_best,original,1.1,0.9500000178813934,0.992,5000
[0],6000,contig_best,original,1.1,0.9764999747276306,0.0855,-2
[0],6000,contig_best,original,1.1,0.9419999718666077,0.9925,-1
[0],6100,contig_best,original,1.1,0.9509999752044678,0.991,5000
[0],6100,contig_best,original,1.1,0.9745000004768372,0.086,-2
[0],6100,contig_best,original,1.1,0.9574999809265137,0.992,-1
[0],6200,contig_best,original,1.1,0.9545000195503235,0.989,5000
[0],6200,contig_best,original,1.1,0.9814999997615814,0.09,-2
[0],6200,contig_best,original,1.1,0.9524999856948853,0.99,-1
[0],6300,contig_best,original,1.1,0.9545000195503235,0.992,4000
[0],6300,contig_best,original,1.1,0.9769999980926514,0.086,-2
[0],6300,contig_best,original,1.1,0.953000009059906,0.993,-1
[0],6400,contig_best,original,1.1,0.9514999985694885,0.9955,4000
[0],6400,contig_best,original,1.1,0.9769999980926514,0.082,-2
[0],6400,contig_best,original,1.1,0.9529999792575836,0.9945,-1
[0],6500,contig_best,original,1.1,0.9560000002384186,0.9935,5000
[0],6500,contig_best,original,1.1,0.976500004529953,0.0895,-2
[0],6500,contig_best,original,1.1,0.953000009059906,0.995,-1
[0],6600,contig_best,original,1.1,0.9465000033378601,0.9945,4000
[0],6600,contig_best,original,1.1,0.9735000133514404,0.078,-2
[0],6600,contig_best,original,1.1,0.949999988079071,0.9905,-1
[0],6700,contig_best,original,1.1,0.9480000138282776,0.9935,4000
[0],6700,contig_best,original,1.1,0.9724999964237213,0.1,-2
[0],6700,contig_best,original,1.1,0.948500007390976,0.9925,-1
[0],6800,contig_best,original,1.1,0.9580000042915344,0.991,5000
[0],6800,contig_best,original,1.1,0.9785000085830688,0.092,-2
[0],6800,contig_best,original,1.1,0.9444999992847443,0.99,-1
[0],6900,contig_best,original,1.1,0.9469999969005585,0.994,5000
[0],6900,contig_best,original,1.1,0.9785000085830688,0.082,-2
[0],6900,contig_best,original,1.1,0.9490000009536743,0.993,-1
[0],7000,contig_best,original,1.1,0.9620000123977661,0.994,5000
[0],7000,contig_best,original,1.1,0.9750000238418579,0.086,-2
[0],7000,contig_best,original,1.1,0.9535000026226044,0.995,-1
[0],7100,contig_best,original,1.1,0.948500007390976,0.991,4000
[0],7100,contig_best,original,1.1,0.9724999964237213,0.0965,-2
[0],7100,contig_best,original,1.1,0.9525000154972076,0.989,-1
[0],7200,contig_best,original,1.1,0.9560000002384186,0.9925,4000
[0],7200,contig_best,original,1.1,0.9740000069141388,0.0915,-2
[0],7200,contig_best,original,1.1,0.9475000202655792,0.993,-1
[0],7300,contig_best,original,1.1,0.9560000002384186,0.9835,5000
[0],7300,contig_best,original,1.1,0.9769999980926514,0.098,-2
[0],7300,contig_best,original,1.1,0.9539999961853027,0.9865,-1
[0],7400,contig_best,original,1.1,0.9519999921321869,0.992,5000
[0],7400,contig_best,original,1.1,0.9730000197887421,0.0805,-2
[0],7400,contig_best,original,1.1,0.9429999887943268,0.992,-1
[0],7500,contig_best,original,1.1,0.9595000147819519,0.989,4000
[0],7500,contig_best,original,1.1,0.9715000092983246,0.0855,-2
[0],7500,contig_best,original,1.1,0.9519999921321869,0.9935,-1
[0],7600,contig_best,original,1.1,0.9595000147819519,0.992,5000
[0],7600,contig_best,original,1.1,0.9709999859333038,0.0955,-2
[0],7600,contig_best,original,1.1,0.9560000002384186,0.9925,-1
[0],7700,contig_best,original,1.1,0.9474999904632568,0.9965,5000
[0],7700,contig_best,original,1.1,0.9639999866485596,0.0865,-2
[0],7700,contig_best,original,1.1,0.9390000104904175,0.9955,-1
[0],7800,contig_best,original,1.1,0.9535000026226044,0.99,4000
[0],7800,contig_best,original,1.1,0.9805000126361847,0.087,-2
[0],7800,contig_best,original,1.1,0.9444999992847443,0.994,-1
[0],7900,contig_best,original,1.1,0.9544999897480011,0.993,5000
[0],7900,contig_best,original,1.1,0.9745000004768372,0.089,-2
[0],7900,contig_best,original,1.1,0.9490000009536743,0.994,-1
[0],8000,contig_best,original,1.1,0.94200000166893,0.9945,5000
[0],8000,contig_best,original,1.1,0.9779999852180481,0.0875,-2
[0],8000,contig_best,original,1.1,0.9449999928474426,0.996,-1
[0],8100,contig_best,original,1.1,0.9555000066757202,0.9915,4000
[0],8100,contig_best,original,1.1,0.9774999916553497,0.0825,-2
[0],8100,contig_best,original,1.1,0.9474999904632568,0.9885,-1
[0],8200,contig_best,original,1.1,0.9565000236034393,0.991,5000
[0],8200,contig_best,original,1.1,0.9699999988079071,0.087,-2
[0],8200,contig_best,original,1.1,0.9525000154972076,0.991,-1
[0],8300,contig_best,original,1.1,0.9560000002384186,0.9935,5000
[0],8300,contig_best,original,1.1,0.9749999940395355,0.088,-2
[0],8300,contig_best,original,1.1,0.9524999856948853,0.996,-1
[0],8400,contig_best,original,1.1,0.9519999921321869,0.995,4000
[0],8400,contig_best,original,1.1,0.9754999876022339,0.093,-2
[0],8400,contig_best,original,1.1,0.9544999897480011,0.993,-1
[0],8500,contig_best,original,1.1,0.9510000050067902,0.99,5000
[0],8500,contig_best,original,1.1,0.9794999957084656,0.089,-2
[0],8500,contig_best,original,1.1,0.9569999873638153,0.9935,-1
[0],8600,contig_best,original,1.1,0.9510000050067902,0.989,5000
[0],8600,contig_best,original,1.1,0.9739999771118164,0.0885,-2
[0],8600,contig_best,original,1.1,0.9519999921321869,0.9945,-1
[0],8700,contig_best,original,1.1,0.9490000009536743,0.9925,5000
[0],8700,contig_best,original,1.1,0.9774999916553497,0.094,-2
[0],8700,contig_best,original,1.1,0.9510000050067902,0.9915,-1
[0],8800,contig_best,original,1.1,0.9519999921321869,0.9945,5000
[0],8800,contig_best,original,1.1,0.9739999771118164,0.0845,-2
[0],8800,contig_best,original,1.1,0.9514999985694885,0.9965,-1
[0],8900,contig_best,original,1.1,0.9494999945163727,0.9915,5000
[0],8900,contig_best,original,1.1,0.9779999852180481,0.092,-2
[0],8900,contig_best,original,1.1,0.9525000154972076,0.994,-1
[0],9000,contig_best,original,1.1,0.9494999945163727,0.9945,5000
[0],9000,contig_best,original,1.1,0.9745000004768372,0.0855,-2
[0],9000,contig_best,original,1.1,0.945000022649765,0.9975,-1
[0],9100,contig_best,original,1.1,0.9514999985694885,0.9925,5000
[0],9100,contig_best,original,1.1,0.9769999980926514,0.094,-2
[0],9100,contig_best,original,1.1,0.9505000114440918,0.993,-1
[0],9200,contig_best,original,1.1,0.953000009059906,0.994,5000
[0],9200,contig_best,original,1.1,0.9715000092983246,0.081,-2
[0],9200,contig_best,original,1.1,0.940500020980835,0.9945,-1
[0],9300,contig_best,original,1.1,0.9514999985694885,0.994,5000
[0],9300,contig_best,original,1.1,0.976500004529953,0.0955,-2
[0],9300,contig_best,original,1.1,0.9539999961853027,0.992,-1
[0],9400,contig_best,original,1.1,0.9490000009536743,0.9895,4000
[0],9400,contig_best,original,1.1,0.9740000069141388,0.0785,-2
[0],9400,contig_best,original,1.1,0.9509999752044678,0.9855,-1
[0],9500,contig_best,original,1.1,0.9475000202655792,0.994,5000
[0],9500,contig_best,original,1.1,0.9779999852180481,0.0955,-2
[0],9500,contig_best,original,1.1,0.9469999969005585,0.9925,-1
[0],9600,contig_best,original,1.1,0.9519999921321869,0.994,5000
[0],9600,contig_best,original,1.1,0.9715000092983246,0.086,-2
[0],9600,contig_best,original,1.1,0.9504999816417694,0.991,-1
[0],9700,contig_best,original,1.1,0.9564999938011169,0.9925,4000
[0],9700,contig_best,original,1.1,0.9725000262260437,0.093,-2
[0],9700,contig_best,original,1.1,0.9539999961853027,0.9935,-1
[0],9800,contig_best,original,1.1,0.953000009059906,0.9925,5000
[0],9800,contig_best,original,1.1,0.9724999964237213,0.0825,-2
[0],9800,contig_best,original,1.1,0.9505000114440918,0.993,-1
[0],9900,contig_best,original,1.1,0.9509999752044678,0.9945,5000
[0],9900,contig_best,original,1.1,0.9745000004768372,0.095,-2
[0],9900,contig_best,original,1.1,0.9494999945163727,0.994,-1
[0],10000,contig_best,original,1.1,0.9480000138282776,0.996,5000
[0],10000,contig_best,original,1.1,0.973499983549118,0.089,-2
[0],10000,contig_best,original,1.1,0.9519999921321869,0.9925,-1
[1],0,contig_best,original,1.1,0.9740000069141388,0.098,5000
[1],0,contig_best,original,1.1,0.9679999947547913,0.088,-2
[1],0,contig_best,original,1.1,0.9804999828338623,0.096,-1
[1],100,contig_best,original,1.1,0.6850000023841858,0.6855,5000
[1],100,contig_best,original,1.1,0.9775000214576721,0.0865,-2
[1],100,contig_best,original,1.1,0.679500013589859,0.6575,-1
[1],200,contig_best,original,1.1,0.738999992609024,0.816,5000
[1],200,contig_best,original,1.1,0.9769999980926514,0.099,-2
[1],200,contig_best,original,1.1,0.7184999883174896,0.8245,-1
[1],300,contig_best,original,1.1,0.8760000169277191,0.93,5000
[1],300,contig_best,original,1.1,0.9755000174045563,0.0865,-2
[1],300,contig_best,original,1.1,0.8680000007152557,0.926,-1
[1],400,contig_best,original,1.1,0.8765000104904175,0.918,5000
[1],400,contig_best,original,1.1,0.968999981880188,0.0905,-2
[1],400,contig_best,original,1.1,0.8720000088214874,0.92,-1
[1],500,contig_best,original,1.1,0.882500022649765,0.952,5000
[1],500,contig_best,original,1.1,0.9789999723434448,0.08,-2
[1],500,contig_best,original,1.1,0.8894999921321869,0.9465,-1
[1],600,contig_best,original,1.1,0.8830000162124634,0.948,5000
[1],600,contig_best,original,1.1,0.9749999940395355,0.094,-2
[1],600,contig_best,original,1.1,0.8854999840259552,0.9505,-1
[1],700,contig_best,original,1.1,0.906499981880188,0.966,5000
[1],700,contig_best,original,1.1,0.9819999933242798,0.0895,-2
[1],700,contig_best,original,1.1,0.9039999842643738,0.9745,-1
[1],800,contig_best,original,1.1,0.9204999804496765,0.974,5000
[1],800,contig_best,original,1.1,0.9684999883174896,0.089,-2
[1],800,contig_best,original,1.1,0.9200000166893005,0.976,-1
[1],900,contig_best,original,1.1,0.9214999973773956,0.977,5000
[1],900,contig_best,original,1.1,0.9740000069141388,0.089,-2
[1],900,contig_best,original,1.1,0.9239999949932098,0.9755,-1
[1],1000,contig_best,original,1.1,0.929500013589859,0.9825,5000
[1],1000,contig_best,original,1.1,0.9739999771118164,0.102,-2
[1],1000,contig_best,original,1.1,0.9330000281333923,0.9795,-1
[1],1100,contig_best,original,1.1,0.9339999854564667,0.986,5000
[1],1100,contig_best,original,1.1,0.9755000174045563,0.08,-2
[1],1100,contig_best,original,1.1,0.9379999935626984,0.988,-1
[1],1200,contig_best,original,1.1,0.9345000088214874,0.9875,5000
[1],1200,contig_best,original,1.1,0.9724999964237213,0.082,-2
[1],1200,contig_best,original,1.1,0.9385000169277191,0.986,-1
[1],1300,contig_best,original,1.1,0.9435000121593475,0.9905,5000
[1],1300,contig_best,original,1.1,0.9745000004768372,0.0945,-2
[1],1300,contig_best,original,1.1,0.9354999959468842,0.991,-1
[1],1400,contig_best,original,1.1,0.9459999799728394,0.989,5000
[1],1400,contig_best,original,1.1,0.976500004529953,0.082,-2
[1],1400,contig_best,original,1.1,0.9440000057220459,0.9905,-1
[1],1500,contig_best,original,1.1,0.9514999985694885,0.994,5000
[1],1500,contig_best,original,1.1,0.9735000133514404,0.0885,-2
[1],1500,contig_best,original,1.1,0.948500007390976,0.995,-1
[1],1600,contig_best,original,1.1,0.9490000009536743,0.9935,5000
[1],1600,contig_best,original,1.1,0.9714999794960022,0.087,-2
[1],1600,contig_best,original,1.1,0.9444999992847443,0.994,-1
[1],1700,contig_best,original,1.1,0.9584999978542328,0.9925,5000
[1],1700,contig_best,original,1.1,0.9750000238418579,0.087,-2
[1],1700,contig_best,original,1.1,0.9564999938011169,0.992,-1
[1],1800,contig_best,original,1.1,0.9480000138282776,0.996,4000
[1],1800,contig_best,original,1.1,0.9779999852180481,0.0915,-2
[1],1800,contig_best,original,1.1,0.9505000114440918,0.9955,-1
[1],1900,contig_best,original,1.1,0.9544999897480011,0.9955,5000
[1],1900,contig_best,original,1.1,0.9740000069141388,0.0845,-2
[1],1900,contig_best,original,1.1,0.9645000100135803,0.9965,-1
[1],2000,contig_best,original,1.1,0.9555000066757202,0.9975,5000
[1],2000,contig_best,original,1.1,0.9729999899864197,0.0975,-2
[1],2000,contig_best,original,1.1,0.9605000019073486,0.9955,-1
[1],2100,contig_best,original,1.1,0.953000009059906,0.997,5000
[1],2100,contig_best,original,1.1,0.9699999988079071,0.094,-2
[1],2100,contig_best,original,1.1,0.9510000050067902,0.995,-1
[1],2200,contig_best,original,1.1,0.9564999938011169,0.996,5000
[1],2200,contig_best,original,1.1,0.9745000004768372,0.088,-2
[1],2200,contig_best,original,1.1,0.9535000026226044,0.996,-1
[1],2300,contig_best,original,1.1,0.9555000066757202,0.9965,5000
[1],2300,contig_best,original,1.1,0.9779999852180481,0.0975,-2
[1],2300,contig_best,original,1.1,0.9524999856948853,0.998,-1
[1],2400,contig_best,original,1.1,0.9569999873638153,0.9975,5000
[1],2400,contig_best,original,1.1,0.9724999964237213,0.084,-2
[1],2400,contig_best,original,1.1,0.9469999969005585,0.997,-1
[1],2500,contig_best,original,1.1,0.9550000131130219,0.995,5000
[1],2500,contig_best,original,1.1,0.9825000166893005,0.0855,-2
[1],2500,contig_best,original,1.1,0.9464999735355377,0.997,-1
[1],2600,contig_best,original,1.1,0.9649999737739563,0.9995,5000
[1],2600,contig_best,original,1.1,0.9785000085830688,0.0875,-2
[1],2600,contig_best,original,1.1,0.9539999961853027,0.9985,-1
[1],2700,contig_best,original,1.1,0.9599999785423279,0.998,5000
[1],2700,contig_best,original,1.1,0.9755000174045563,0.093,-2
[1],2700,contig_best,original,1.1,0.9614999890327454,0.9955,-1
[1],2800,contig_best,original,1.1,0.9624999761581421,0.998,5000
[1],2800,contig_best,original,1.1,0.9769999980926514,0.09,-2
[1],2800,contig_best,original,1.1,0.965499997138977,0.9985,-1
[1],2900,contig_best,original,1.1,0.9619999825954437,0.9975,5000
[1],2900,contig_best,original,1.1,0.9740000069141388,0.0775,-2
[1],2900,contig_best,original,1.1,0.964000016450882,0.996,-1
[1],3000,contig_best,original,1.1,0.9584999978542328,0.997,5000
[1],3000,contig_best,original,1.1,0.976500004529953,0.0935,-2
[1],3000,contig_best,original,1.1,0.9605000019073486,0.9975,-1
[1],3100,contig_best,original,1.1,0.9575000107288361,0.998,5000
[1],3100,contig_best,original,1.1,0.973499983549118,0.0925,-2
[1],3100,contig_best,original,1.1,0.9669999778270721,0.9975,-1
[1],3200,contig_best,original,1.1,0.9570000171661377,0.999,5000
[1],3200,contig_best,original,1.1,0.9754999876022339,0.0885,-2
[1],3200,contig_best,original,1.1,0.9644999802112579,0.998,-1
[1],3300,contig_best,original,1.1,0.9549999833106995,0.9945,4000
[1],3300,contig_best,original,1.1,0.9780000150203705,0.089,-2
[1],3300,contig_best,original,1.1,0.9599999785423279,0.9985,-1
[1],3400,contig_best,original,1.1,0.9575000107288361,0.9975,4000
[1],3400,contig_best,original,1.1,0.9709999859333038,0.0915,-2
[1],3400,contig_best,original,1.1,0.9584999978542328,0.9985,-1
[1],3500,contig_best,original,1.1,0.9645000100135803,0.998,5000
[1],3500,contig_best,original,1.1,0.976500004529953,0.0945,-2
[1],3500,contig_best,original,1.1,0.9614999890327454,0.9975,-1
[1],3600,contig_best,original,1.1,0.9574999809265137,0.9965,4000
[1],3600,contig_best,original,1.1,0.9735000133514404,0.087,-2
[1],3600,contig_best,original,1.1,0.9639999866485596,0.999,-1
[1],3700,contig_best,original,1.1,0.9569999873638153,0.998,5000
[1],3700,contig_best,original,1.1,0.9684999883174896,0.091,-2
[1],3700,contig_best,original,1.1,0.9575000107288361,1.0,-1
[1],3800,contig_best,original,1.1,0.9620000123977661,0.998,5000
[1],3800,contig_best,original,1.1,0.9754999876022339,0.083,-2
[1],3800,contig_best,original,1.1,0.9584999978542328,0.999,-1
[1],3900,contig_best,original,1.1,0.9584999978542328,0.9985,5000
[1],3900,contig_best,original,1.1,0.9739999771118164,0.085,-2
[1],3900,contig_best,original,1.1,0.9645000100135803,0.998,-1
[1],4000,contig_best,original,1.1,0.9679999947547913,0.998,5000
[1],4000,contig_best,original,1.1,0.976500004529953,0.0825,-2
[1],4000,contig_best,original,1.1,0.9650000035762787,0.9985,-1
[1],4100,contig_best,original,1.1,0.9655000269412994,0.9985,5000
[1],4100,contig_best,original,1.1,0.9740000069141388,0.0895,-2
[1],4100,contig_best,original,1.1,0.9684999883174896,0.999,-1
[1],4200,contig_best,original,1.1,0.965499997138977,0.9975,3000
[1],4200,contig_best,original,1.1,0.9749999940395355,0.0855,-2
[1],4200,contig_best,original,1.1,0.9570000171661377,0.9995,-1
[1],4300,contig_best,original,1.1,0.9670000076293945,0.997,4000
[1],4300,contig_best,original,1.1,0.976500004529953,0.0885,-2
[1],4300,contig_best,original,1.1,0.960999995470047,0.9995,-1
[1],4400,contig_best,original,1.1,0.9665000140666962,0.998,3000
[1],4400,contig_best,original,1.1,0.9750000238418579,0.085,-2
[1],4400,contig_best,original,1.1,0.9650000035762787,0.999,-1
[1],4500,contig_best,original,1.1,0.9650000035762787,0.9975,5000
[1],4500,contig_best,original,1.1,0.9854999780654907,0.09,-2
[1],4500,contig_best,original,1.1,0.9724999964237213,0.9995,-1
[1],4600,contig_best,original,1.1,0.9634999930858612,0.998,5000
[1],4600,contig_best,original,1.1,0.9730000197887421,0.0915,-2
[1],4600,contig_best,original,1.1,0.965499997138977,1.0,-1
[1],4700,contig_best,original,1.1,0.9684999883174896,0.9995,5000
[1],4700,contig_best,original,1.1,0.9729999899864197,0.081,-2
[1],4700,contig_best,original,1.1,0.9670000076293945,0.999,-1
[1],4800,contig_best,original,1.1,0.9675000011920929,0.999,4000
[1],4800,contig_best,original,1.1,0.9749999940395355,0.0945,-2
[1],4800,contig_best,original,1.1,0.9599999785423279,0.999,-1
[1],4900,contig_best,original,1.1,0.9635000228881836,0.999,5000
[1],4900,contig_best,original,1.1,0.9764999747276306,0.088,-2
[1],4900,contig_best,original,1.1,0.9700000286102295,0.999,-1
[1],5000,contig_best,original,1.1,0.9660000205039978,0.998,5000
[1],5000,contig_best,original,1.1,0.968500018119812,0.0865,-2
[1],5000,contig_best,original,1.1,0.9599999785423279,0.9995,-1
[1],5100,contig_best,original,1.1,0.972000002861023,0.9985,4000
[1],5100,contig_best,original,1.1,0.9794999957084656,0.0855,-2
[1],5100,contig_best,original,1.1,0.9690000116825104,1.0,-1
[1],5200,contig_best,original,1.1,0.9724999964237213,0.999,5000
[1],5200,contig_best,original,1.1,0.976500004529953,0.093,-2
[1],5200,contig_best,original,1.1,0.973499983549118,0.999,-1
[1],5300,contig_best,original,1.1,0.9659999907016754,0.9985,5000
[1],5300,contig_best,original,1.1,0.9800000190734863,0.081,-2
[1],5300,contig_best,original,1.1,0.9704999923706055,0.9995,-1
[1],5400,contig_best,original,1.1,0.9664999842643738,0.9995,3000
[1],5400,contig_best,original,1.1,0.9745000004768372,0.082,-2
[1],5400,contig_best,original,1.1,0.9670000076293945,0.999,-1
[1],5500,contig_best,original,1.1,0.9679999947547913,0.998,4000
[1],5500,contig_best,original,1.1,0.972000002861023,0.0975,-2
[1],5500,contig_best,original,1.1,0.972000002861023,0.999,-1
[1],5600,contig_best,original,1.1,0.9705000221729279,0.999,4000
[1],5600,contig_best,original,1.1,0.9715000092983246,0.0865,-2
[1],5600,contig_best,original,1.1,0.968999981880188,0.999,-1
[1],5700,contig_best,original,1.1,0.9679999947547913,1.0,5000
[1],5700,contig_best,original,1.1,0.9790000021457672,0.085,-2
[1],5700,contig_best,original,1.1,0.9724999964237213,0.998,-1
[1],5800,contig_best,original,1.1,0.9724999964237213,0.999,4000
[1],5800,contig_best,original,1.1,0.9785000085830688,0.102,-2
[1],5800,contig_best,original,1.1,0.9679999947547913,1.0,-1
[1],5900,contig_best,original,1.1,0.9729999899864197,0.999,5000
[1],5900,contig_best,original,1.1,0.9804999828338623,0.0875,-2
[1],5900,contig_best,original,1.1,0.9819999933242798,0.9995,-1
[1],6000,contig_best,original,1.1,0.9694999754428864,0.9995,5000
[1],6000,contig_best,original,1.1,0.9749999940395355,0.0955,-2
[1],6000,contig_best,original,1.1,0.9644999802112579,1.0,-1
[1],6100,contig_best,original,1.1,0.9719999730587006,0.998,4000
[1],6100,contig_best,original,1.1,0.9794999957084656,0.0915,-2
[1],6100,contig_best,original,1.1,0.9629999995231628,1.0,-1
[1],6200,contig_best,original,1.1,0.9670000076293945,0.9995,4000
[1],6200,contig_best,original,1.1,0.9790000021457672,0.0925,-2
[1],6200,contig_best,original,1.1,0.965499997138977,1.0,-1
[1],6300,contig_best,original,1.1,0.9705000221729279,0.9985,4000
[1],6300,contig_best,original,1.1,0.9724999964237213,0.09,-2
[1],6300,contig_best,original,1.1,0.9705000221729279,0.999,-1
[1],6400,contig_best,original,1.1,0.9735000133514404,0.9985,5000
[1],6400,contig_best,original,1.1,0.9695000052452087,0.089,-2
[1],6400,contig_best,original,1.1,0.9724999964237213,0.999,-1
[1],6500,contig_best,original,1.1,0.9700000286102295,0.9995,5000
[1],6500,contig_best,original,1.1,0.9724999964237213,0.0915,-2
[1],6500,contig_best,original,1.1,0.9730000197887421,1.0,-1
[1],6600,contig_best,original,1.1,0.9724999964237213,1.0,5000
[1],6600,contig_best,original,1.1,0.9760000109672546,0.0945,-2
[1],6600,contig_best,original,1.1,0.965499997138977,0.998,-1
[1],6700,contig_best,original,1.1,0.968999981880188,0.999,5000
[1],6700,contig_best,original,1.1,0.9704999923706055,0.09,-2
[1],6700,contig_best,original,1.1,0.9710000157356262,0.9985,-1
[1],6800,contig_best,original,1.1,0.9735000133514404,1.0,4000
[1],6800,contig_best,original,1.1,0.9794999957084656,0.084,-2
[1],6800,contig_best,original,1.1,0.9715000092983246,0.998,-1
[1],6900,contig_best,original,1.1,0.9730000197887421,0.9995,3000
[1],6900,contig_best,original,1.1,0.973499983549118,0.0995,-2
[1],6900,contig_best,original,1.1,0.9794999957084656,1.0,-1
[1],7000,contig_best,original,1.1,0.9794999957084656,0.999,5000
[1],7000,contig_best,original,1.1,0.9749999940395355,0.0795,-2
[1],7000,contig_best,original,1.1,0.9724999964237213,1.0,-1
[1],7100,contig_best,original,1.1,0.9719999730587006,1.0,4000
[1],7100,contig_best,original,1.1,0.976500004529953,0.087,-2
[1],7100,contig_best,original,1.1,0.9690000116825104,0.9995,-1
[1],7200,contig_best,original,1.1,0.9660000205039978,0.9995,5000
[1],7200,contig_best,original,1.1,0.9800000190734863,0.102,-2
[1],7200,contig_best,original,1.1,0.9675000011920929,0.999,-1
[1],7300,contig_best,original,1.1,0.9740000069141388,0.9985,4000
[1],7300,contig_best,original,1.1,0.9729999899864197,0.0855,-2
[1],7300,contig_best,original,1.1,0.9730000197887421,1.0,-1
[1],7400,contig_best,original,1.1,0.9665000140666962,1.0,3000
[1],7400,contig_best,original,1.1,0.9735000133514404,0.088,-2
[1],7400,contig_best,original,1.1,0.9620000123977661,1.0,-1
[1],7500,contig_best,original,1.1,0.9749999940395355,0.9995,5000
[1],7500,contig_best,original,1.1,0.9725000262260437,0.089,-2
[1],7500,contig_best,original,1.1,0.9790000021457672,0.9995,-1
[1],7600,contig_best,original,1.1,0.972000002861023,0.999,5000
[1],7600,contig_best,original,1.1,0.9735000133514404,0.09,-2
[1],7600,contig_best,original,1.1,0.9699999988079071,0.999,-1
[1],7700,contig_best,original,1.1,0.9699999988079071,1.0,3000
[1],7700,contig_best,original,1.1,0.9780000150203705,0.0885,-2
[1],7700,contig_best,original,1.1,0.9679999947547913,0.999,-1
[1],7800,contig_best,original,1.1,0.9745000004768372,0.999,3000
[1],7800,contig_best,original,1.1,0.9780000150203705,0.0895,-2
[1],7800,contig_best,original,1.1,0.9735000133514404,1.0,-1
[1],7900,contig_best,original,1.1,0.9730000197887421,0.9985,5000
[1],7900,contig_best,original,1.1,0.9739999771118164,0.096,-2
[1],7900,contig_best,original,1.1,0.9729999899864197,0.999,-1
[1],8000,contig_best,original,1.1,0.9714999794960022,1.0,4000
[1],8000,contig_best,original,1.1,0.9699999988079071,0.089,-2
[1],8000,contig_best,original,1.1,0.9784999787807465,1.0,-1
[1],8100,contig_best,original,1.1,0.9740000069141388,0.9985,5000
[1],8100,contig_best,original,1.1,0.976500004529953,0.097,-2
[1],8100,contig_best,original,1.1,0.9680000245571136,0.9995,-1
[1],8200,contig_best,original,1.1,0.9814999997615814,1.0,5000
[1],8200,contig_best,original,1.1,0.9695000052452087,0.092,-2
[1],8200,contig_best,original,1.1,0.9675000011920929,1.0,-1
[1],8300,contig_best,original,1.1,0.9760000109672546,0.9995,5000
[1],8300,contig_best,original,1.1,0.9790000021457672,0.0935,-2
[1],8300,contig_best,original,1.1,0.9724999964237213,1.0,-1
[1],8400,contig_best,original,1.1,0.9739999771118164,0.9995,4000
[1],8400,contig_best,original,1.1,0.972000002861023,0.0885,-2
[1],8400,contig_best,original,1.1,0.9789999723434448,0.999,-1
[1],8500,contig_best,original,1.1,0.9814999997615814,0.999,5000
[1],8500,contig_best,original,1.1,0.9705000221729279,0.094,-2
[1],8500,contig_best,original,1.1,0.9784999787807465,0.999,-1
[1],8600,contig_best,original,1.1,0.9774999916553497,1.0,5000
[1],8600,contig_best,original,1.1,0.9745000004768372,0.0945,-2
[1],8600,contig_best,original,1.1,0.9739999771118164,1.0,-1
[1],8700,contig_best,original,1.1,0.9754999876022339,1.0,5000
[1],8700,contig_best,original,1.1,0.9775000214576721,0.0795,-2
[1],8700,contig_best,original,1.1,0.9754999876022339,0.9995,-1
[1],8800,contig_best,original,1.1,0.9760000109672546,1.0,5000
[1],8800,contig_best,original,1.1,0.9755000174045563,0.0885,-2
[1],8800,contig_best,original,1.1,0.9745000004768372,0.9995,-1
[1],8900,contig_best,original,1.1,0.9759999811649323,0.998,4000
[1],8900,contig_best,original,1.1,0.9730000197887421,0.0885,-2
[1],8900,contig_best,original,1.1,0.9715000092983246,1.0,-1
[1],9000,contig_best,original,1.1,0.9749999940395355,0.9995,5000
[1],9000,contig_best,original,1.1,0.9794999957084656,0.09,-2
[1],9000,contig_best,original,1.1,0.9789999723434448,0.9995,-1
[1],9100,contig_best,original,1.1,0.9779999852180481,0.999,3000
[1],9100,contig_best,original,1.1,0.9769999980926514,0.087,-2
[1],9100,contig_best,original,1.1,0.9739999771118164,1.0,-1
[1],9200,contig_best,original,1.1,0.9780000150203705,0.9985,5000
[1],9200,contig_best,original,1.1,0.9764999747276306,0.089,-2
[1],9200,contig_best,original,1.1,0.9759999811649323,0.9985,-1
[1],9300,contig_best,original,1.1,0.9754999876022339,0.9995,5000
[1],9300,contig_best,original,1.1,0.9805000126361847,0.0795,-2
[1],9300,contig_best,original,1.1,0.9729999899864197,1.0,-1
[1],9400,contig_best,original,1.1,0.9790000021457672,0.999,4000
[1],9400,contig_best,original,1.1,0.976500004529953,0.0825,-2
[1],9400,contig_best,original,1.1,0.9764999747276306,1.0,-1
[1],9500,contig_best,original,1.1,0.9774999916553497,0.9995,5000
[1],9500,contig_best,original,1.1,0.9749999940395355,0.088,-2
[1],9500,contig_best,original,1.1,0.9740000069141388,1.0,-1
[1],9600,contig_best,original,1.1,0.9729999899864197,0.9995,5000
[1],9600,contig_best,original,1.1,0.9724999964237213,0.089,-2
[1],9600,contig_best,original,1.1,0.9759999811649323,0.9995,-1
[1],9700,contig_best,original,1.1,0.9770000278949738,0.999,5000
[1],9700,contig_best,original,1.1,0.9715000092983246,0.087,-2
[1],9700,contig_best,original,1.1,0.9774999916553497,0.9985,-1
[1],9800,contig_best,original,1.1,0.9754999876022339,0.9995,5000
[1],9800,contig_best,original,1.1,0.976500004529953,0.0925,-2
[1],9800,contig_best,original,1.1,0.968999981880188,0.9995,-1
[1],9900,contig_best,original,1.1,0.9704999923706055,1.0,5000
[1],9900,contig_best,original,1.1,0.973499983549118,0.082,-2
[1],9900,contig_best,original,1.1,0.9729999899864197,1.0,-1
[1],10000,contig_best,original,1.1,0.9769999980926514,1.0,5000
[1],10000,contig_best,original,1.1,0.9740000069141388,0.0955,-2
[1],10000,contig_best,original,1.1,0.9775000214576721,1.0,-1
[2],0,contig_best,original,1.1,0.9829999804496765,0.0905,4000
[2],0,contig_best,original,1.1,0.973499983549118,0.0975,-2
[2],0,contig_best,original,1.1,0.9745000004768372,0.099,-1
[2],100,contig_best,original,1.1,0.6739999949932098,0.43,5000
[2],100,contig_best,original,1.1,0.9725000262260437,0.0865,-2
[2],100,contig_best,original,1.1,0.6689999997615814,0.431,-1
[2],200,contig_best,original,1.1,0.6859999895095825,0.4705,5000
[2],200,contig_best,original,1.1,0.9774999916553497,0.0935,-2
[2],200,contig_best,original,1.1,0.6944999992847443,0.4785,-1
[2],300,contig_best,original,1.1,0.7084999978542328,0.524,5000
[2],300,contig_best,original,1.1,0.9754999876022339,0.0955,-2
[2],300,contig_best,original,1.1,0.6890000104904175,0.509,-1
[2],400,contig_best,original,1.1,0.6994999945163727,0.571,5000
[2],400,contig_best,original,1.1,0.9835000038146973,0.093,-2
[2],400,contig_best,original,1.1,0.7110000252723694,0.5845,-1
[2],500,contig_best,original,1.1,0.7594999969005585,0.6245,5000
[2],500,contig_best,original,1.1,0.9715000092983246,0.092,-2
[2],500,contig_best,original,1.1,0.7409999966621399,0.621,-1
[2],600,contig_best,original,1.1,0.7770000100135803,0.66,5000
[2],600,contig_best,original,1.1,0.9775000214576721,0.094,-2
[2],600,contig_best,original,1.1,0.762499988079071,0.669,-1
[2],700,contig_best,original,1.1,0.7985000014305115,0.6975,5000
[2],700,contig_best,original,1.1,0.9785000085830688,0.0955,-2
[2],700,contig_best,original,1.1,0.7915000021457672,0.6875,-1
[2],800,contig_best,original,1.1,0.809499979019165,0.729,5000
[2],800,contig_best,original,1.1,0.9745000004768372,0.0815,-2
[2],800,contig_best,original,1.1,0.8055000007152557,0.716,-1
[2],900,contig_best,original,1.1,0.8110000193119049,0.773,5000
[2],900,contig_best,original,1.1,0.9735000133514404,0.0905,-2
[2],900,contig_best,original,1.1,0.8300000131130219,0.767,-1
[2],1000,contig_best,original,1.1,0.8409999907016754,0.786,5000
[2],1000,contig_best,original,1.1,0.9724999964237213,0.094,-2
[2],1000,contig_best,original,1.1,0.8544999957084656,0.791,-1
[2],1100,contig_best,original,1.1,0.8529999852180481,0.811,5000
[2],1100,contig_best,original,1.1,0.9699999988079071,0.0915,-2
[2],1100,contig_best,original,1.1,0.8445000052452087,0.804,-1
[2],1200,contig_best,original,1.1,0.8490000069141388,0.822,5000
[2],1200,contig_best,original,1.1,0.9735000133514404,0.0925,-2
[2],1200,contig_best,original,1.1,0.854500025510788,0.809,-1
[2],1300,contig_best,original,1.1,0.8465000092983246,0.831,5000
[2],1300,contig_best,original,1.1,0.9724999964237213,0.0915,-2
[2],1300,contig_best,original,1.1,0.8355000019073486,0.8315,-1
[2],1400,contig_best,original,1.1,0.8519999980926514,0.8375,5000
[2],1400,contig_best,original,1.1,0.9760000109672546,0.0945,-2
[2],1400,contig_best,original,1.1,0.8434999883174896,0.8425,-1
[2],1500,contig_best,original,1.1,0.8595000207424164,0.834,5000
[2],1500,contig_best,original,1.1,0.979500025510788,0.0935,-2
[2],1500,contig_best,original,1.1,0.859499990940094,0.822,-1
[2],1600,contig_best,original,1.1,0.8645000159740448,0.8525,5000
[2],1600,contig_best,original,1.1,0.973499983549118,0.0845,-2
[2],1600,contig_best,original,1.1,0.8669999837875366,0.8405,-1
[2],1700,contig_best,original,1.1,0.8709999918937683,0.8205,5000
[2],1700,contig_best,original,1.1,0.979500025510788,0.096,-2
[2],1700,contig_best,original,1.1,0.8669999837875366,0.828,-1
[2],1800,contig_best,original,1.1,0.8790000081062317,0.8415,5000
[2],1800,contig_best,original,1.1,0.9814999997615814,0.08,-2
[2],1800,contig_best,original,1.1,0.8634999990463257,0.857,-1
[2],1900,contig_best,original,1.1,0.875,0.8475,5000
[2],1900,contig_best,original,1.1,0.9755000174045563,0.0845,-2
[2],1900,contig_best,original,1.1,0.8634999990463257,0.8395,-1
[2],2000,contig_best,original,1.1,0.8844999969005585,0.8615,5000
[2],2000,contig_best,original,1.1,0.9799999892711639,0.0735,-2
[2],2000,contig_best,original,1.1,0.8789999783039093,0.8615,-1
[2],2100,contig_best,original,1.1,0.87950000166893,0.86,5000
[2],2100,contig_best,original,1.1,0.9760000109672546,0.0915,-2
[2],2100,contig_best,original,1.1,0.8810000121593475,0.864,-1
[2],2200,contig_best,original,1.1,0.8844999969005585,0.8835,5000
[2],2200,contig_best,original,1.1,0.9730000197887421,0.084,-2
[2],2200,contig_best,original,1.1,0.8740000128746033,0.879,-1
[2],2300,contig_best,original,1.1,0.902999997138977,0.875,5000
[2],2300,contig_best,original,1.1,0.9740000069141388,0.084,-2
[2],2300,contig_best,original,1.1,0.8830000162124634,0.8735,-1
[2],2400,contig_best,original,1.1,0.8819999992847443,0.886,5000
[2],2400,contig_best,original,1.1,0.976500004529953,0.081,-2
[2],2400,contig_best,original,1.1,0.8849999904632568,0.8825,-1
[2],2500,contig_best,original,1.1,0.8959999978542328,0.8795,5000
[2],2500,contig_best,original,1.1,0.9740000069141388,0.096,-2
[2],2500,contig_best,original,1.1,0.8894999921321869,0.8805,-1
[2],2600,contig_best,original,1.1,0.8910000026226044,0.89,5000
[2],2600,contig_best,original,1.1,0.976500004529953,0.0885,-2
[2],2600,contig_best,original,1.1,0.8914999961853027,0.892,-1
[2],2700,contig_best,original,1.1,0.8914999961853027,0.9005,5000
[2],2700,contig_best,original,1.1,0.976500004529953,0.088,-2
[2],2700,contig_best,original,1.1,0.8920000195503235,0.895,-1
[2],2800,contig_best,original,1.1,0.8929999768733978,0.906,5000
[2],2800,contig_best,original,1.1,0.9790000021457672,0.085,-2
[2],2800,contig_best,original,1.1,0.8935000002384186,0.903,-1
[2],2900,contig_best,original,1.1,0.898499995470047,0.906,5000
[2],2900,contig_best,original,1.1,0.9759999811649323,0.086,-2
[2],2900,contig_best,original,1.1,0.8879999816417694,0.911,-1
[2],3000,contig_best,original,1.1,0.8924999833106995,0.915,5000
[2],3000,contig_best,original,1.1,0.9755000174045563,0.084,-2
[2],3000,contig_best,original,1.1,0.8965000212192535,0.921,-1
[2],3100,contig_best,original,1.1,0.8849999904632568,0.926,5000
[2],3100,contig_best,original,1.1,0.972000002861023,0.0885,-2
[2],3100,contig_best,original,1.1,0.8980000019073486,0.9285,-1
[2],3200,contig_best,original,1.1,0.9025000035762787,0.904,5000
[2],3200,contig_best,original,1.1,0.9760000109672546,0.1,-2
[2],3200,contig_best,original,1.1,0.9039999842643738,0.9155,-1
[2],3300,contig_best,original,1.1,0.8899999856948853,0.93,5000
[2],3300,contig_best,original,1.1,0.9750000238418579,0.0905,-2
[2],3300,contig_best,original,1.1,0.8949999809265137,0.933,-1
[2],3400,contig_best,original,1.1,0.8910000026226044,0.9295,5000
[2],3400,contig_best,original,1.1,0.9779999852180481,0.1045,-2
[2],3400,contig_best,original,1.1,0.9044999778270721,0.9335,-1
[2],3500,contig_best,original,1.1,0.9074999988079071,0.92,5000
[2],3500,contig_best,original,1.1,0.9749999940395355,0.095,-2
[2],3500,contig_best,original,1.1,0.9055000245571136,0.916,-1
[2],3600,contig_best,original,1.1,0.8995000123977661,0.9325,5000
[2],3600,contig_best,original,1.1,0.9759999811649323,0.0925,-2
[2],3600,contig_best,original,1.1,0.9144999980926514,0.93,-1
[2],3700,contig_best,original,1.1,0.8980000019073486,0.916,5000
[2],3700,contig_best,original,1.1,0.973499983549118,0.1,-2
[2],3700,contig_best,original,1.1,0.8930000066757202,0.9005,-1
[2],3800,contig_best,original,1.1,0.9045000076293945,0.914,5000
[2],3800,contig_best,original,1.1,0.9809999763965607,0.0975,-2
[2],3800,contig_best,original,1.1,0.909500002861023,0.9255,-1
[2],3900,contig_best,original,1.1,0.9044999778270721,0.916,5000
[2],3900,contig_best,original,1.1,0.9820000231266022,0.0855,-2
[2],3900,contig_best,original,1.1,0.9120000004768372,0.9105,-1
[2],4000,contig_best,original,1.1,0.9039999842643738,0.9235,5000
[2],4000,contig_best,original,1.1,0.9769999980926514,0.0815,-2
[2],4000,contig_best,original,1.1,0.9145000278949738,0.927,-1
[2],4100,contig_best,original,1.1,0.9054999947547913,0.9275,5000
[2],4100,contig_best,original,1.1,0.9759999811649323,0.088,-2
[2],4100,contig_best,original,1.1,0.9120000004768372,0.9335,-1
[2],4200,contig_best,original,1.1,0.9120000004768372,0.93,5000
[2],4200,contig_best,original,1.1,0.9745000004768372,0.0885,-2
[2],4200,contig_best,original,1.1,0.9120000004768372,0.9265,-1
[2],4300,contig_best,original,1.1,0.9165000021457672,0.9465,5000
[2],4300,contig_best,original,1.1,0.9714999794960022,0.1025,-2
[2],4300,contig_best,original,1.1,0.9035000205039978,0.9485,-1
[2],4400,contig_best,original,1.1,0.9124999940395355,0.943,5000
[2],4400,contig_best,original,1.1,0.9739999771118164,0.089,-2
[2],4400,contig_best,original,1.1,0.9124999940395355,0.9475,-1
[2],4500,contig_best,original,1.1,0.9205000102519989,0.943,5000
[2],4500,contig_best,original,1.1,0.9729999899864197,0.0855,-2
[2],4500,contig_best,original,1.1,0.9204999804496765,0.935,-1
[2],4600,contig_best,original,1.1,0.9205000102519989,0.9375,5000
[2],4600,contig_best,original,1.1,0.9740000069141388,0.0945,-2
[2],4600,contig_best,original,1.1,0.9115000069141388,0.9515,-1
[2],4700,contig_best,original,1.1,0.9144999980926514,0.95,5000
[2],4700,contig_best,original,1.1,0.972000002861023,0.0925,-2
[2],4700,contig_best,original,1.1,0.9165000021457672,0.9545,-1
[2],4800,contig_best,original,1.1,0.9105000197887421,0.9485,5000
[2],4800,contig_best,original,1.1,0.9745000004768372,0.084,-2
[2],4800,contig_best,original,1.1,0.9159999787807465,0.953,-1
[2],4900,contig_best,original,1.1,0.9174999892711639,0.9665,5000
[2],4900,contig_best,original,1.1,0.9745000004768372,0.09,-2
[2],4900,contig_best,original,1.1,0.9200000166893005,0.957,-1
[2],5000,contig_best,original,1.1,0.9230000078678131,0.955,5000
[2],5000,contig_best,original,1.1,0.9724999964237213,0.088,-2
[2],5000,contig_best,original,1.1,0.9220000207424164,0.949,-1
[2],5100,contig_best,original,1.1,0.9174999892711639,0.945,5000
[2],5100,contig_best,original,1.1,0.9810000061988831,0.089,-2
[2],5100,contig_best,original,1.1,0.9160000085830688,0.9525,-1
[2],5200,contig_best,original,1.1,0.9214999973773956,0.9655,5000
[2],5200,contig_best,original,1.1,0.9745000004768372,0.099,-2
[2],5200,contig_best,original,1.1,0.9205000102519989,0.9575,-1
[2],5300,contig_best,original,1.1,0.9280000030994415,0.9565,5000
[2],5300,contig_best,original,1.1,0.9769999980926514,0.095,-2
[2],5300,contig_best,original,1.1,0.9255000054836273,0.958,-1
[2],5400,contig_best,original,1.1,0.9165000021457672,0.9345,5000
[2],5400,contig_best,original,1.1,0.9740000069141388,0.092,-2
[2],5400,contig_best,original,1.1,0.9270000159740448,0.9345,-1
[2],5500,contig_best,original,1.1,0.9154999852180481,0.94,5000
[2],5500,contig_best,original,1.1,0.972000002861023,0.088,-2
[2],5500,contig_best,original,1.1,0.9180000126361847,0.9375,-1
[2],5600,contig_best,original,1.1,0.914000004529953,0.953,5000
[2],5600,contig_best,original,1.1,0.9749999940395355,0.0925,-2
[2],5600,contig_best,original,1.1,0.9239999949932098,0.9435,-1
[2],5700,contig_best,original,1.1,0.9230000078678131,0.946,5000
[2],5700,contig_best,original,1.1,0.9769999980926514,0.0925,-2
[2],5700,contig_best,original,1.1,0.9200000166893005,0.95,-1
[2],5800,contig_best,original,1.1,0.93299999833107,0.9455,5000
[2],5800,contig_best,original,1.1,0.9735000133514404,0.0865,-2
[2],5800,contig_best,original,1.1,0.9224999845027924,0.9475,-1
[2],5900,contig_best,original,1.1,0.9154999852180481,0.952,5000
[2],5900,contig_best,original,1.1,0.9740000069141388,0.084,-2
[2],5900,contig_best,original,1.1,0.9149999916553497,0.9435,-1
[2],6000,contig_best,original,1.1,0.9300000071525574,0.9505,5000
[2],6000,contig_best,original,1.1,0.972000002861023,0.0815,-2
[2],6000,contig_best,original,1.1,0.9244999885559082,0.9615,-1
[2],6100,contig_best,original,1.1,0.9220000207424164,0.9555,5000
[2],6100,contig_best,original,1.1,0.9749999940395355,0.088,-2
[2],6100,contig_best,original,1.1,0.926499992609024,0.9445,-1
[2],6200,contig_best,original,1.1,0.9269999861717224,0.9575,5000
[2],6200,contig_best,original,1.1,0.9794999957084656,0.095,-2
[2],6200,contig_best,original,1.1,0.9210000038146973,0.959,-1
[2],6300,contig_best,original,1.1,0.9395000040531158,0.947,5000
[2],6300,contig_best,original,1.1,0.9745000004768372,0.0825,-2
[2],6300,contig_best,original,1.1,0.925000011920929,0.9475,-1
[2],6400,contig_best,original,1.1,0.9335000216960907,0.9595,5000
[2],6400,contig_best,original,1.1,0.9755000174045563,0.0955,-2
[2],6400,contig_best,original,1.1,0.9269999861717224,0.953,-1
[2],6500,contig_best,original,1.1,0.9305000007152557,0.9565,5000
[2],6500,contig_best,original,1.1,0.9724999964237213,0.086,-2
[2],6500,contig_best,original,1.1,0.9309999942779541,0.9535,-1
[2],6600,contig_best,original,1.1,0.9244999885559082,0.956,5000
[2],6600,contig_best,original,1.1,0.9779999852180481,0.088,-2
[2],6600,contig_best,original,1.1,0.9280000030994415,0.9585,-1
[2],6700,contig_best,original,1.1,0.9275000095367432,0.9625,5000
[2],6700,contig_best,original,1.1,0.9700000286102295,0.094,-2
[2],6700,contig_best,original,1.1,0.9155000150203705,0.9635,-1
[2],6800,contig_best,original,1.1,0.9205000102519989,0.9555,5000
[2],6800,contig_best,original,1.1,0.9779999852180481,0.0905,-2
[2],6800,contig_best,original,1.1,0.9330000281333923,0.9585,-1
[2],6900,contig_best,original,1.1,0.929500013589859,0.968,5000
[2],6900,contig_best,original,1.1,0.9804999828338623,0.0875,-2
[2],6900,contig_best,original,1.1,0.9314999878406525,0.9685,-1
[2],7000,contig_best,original,1.1,0.9265000224113464,0.961,5000
[2],7000,contig_best,original,1.1,0.972000002861023,0.083,-2
[2],7000,contig_best,original,1.1,0.9245000183582306,0.9635,-1
[2],7100,contig_best,original,1.1,0.929999977350235,0.9615,5000
[2],7100,contig_best,original,1.1,0.9760000109672546,0.094,-2
[2],7100,contig_best,original,1.1,0.9235000014305115,0.9705,-1
[2],7200,contig_best,original,1.1,0.9370000064373016,0.9705,5000
[2],7200,contig_best,original,1.1,0.9710000157356262,0.0915,-2
[2],7200,contig_best,original,1.1,0.9384999871253967,0.9635,-1
[2],7300,contig_best,original,1.1,0.9424999952316284,0.967,5000
[2],7300,contig_best,original,1.1,0.9774999916553497,0.0885,-2
[2],7300,contig_best,original,1.1,0.9320000112056732,0.966,-1
[2],7400,contig_best,original,1.1,0.9410000145435333,0.9565,5000
[2],7400,contig_best,original,1.1,0.9729999899864197,0.085,-2
[2],7400,contig_best,original,1.1,0.9399999976158142,0.9555,-1
[2],7500,contig_best,original,1.1,0.9340000152587891,0.9655,5000
[2],7500,contig_best,original,1.1,0.9745000004768372,0.099,-2
[2],7500,contig_best,original,1.1,0.9309999942779541,0.964,-1
[2],7600,contig_best,original,1.1,0.9239999949932098,0.962,5000
[2],7600,contig_best,original,1.1,0.9704999923706055,0.097,-2
[2],7600,contig_best,original,1.1,0.9214999973773956,0.9625,-1
[2],7700,contig_best,original,1.1,0.9335000216960907,0.963,5000
[2],7700,contig_best,original,1.1,0.9705000221729279,0.088,-2
[2],7700,contig_best,original,1.1,0.9300000071525574,0.976,-1
[2],7800,contig_best,original,1.1,0.9320000112056732,0.959,5000
[2],7800,contig_best,original,1.1,0.9799999892711639,0.087,-2
[2],7800,contig_best,original,1.1,0.9379999935626984,0.9635,-1
[2],7900,contig_best,original,1.1,0.9309999942779541,0.9585,5000
[2],7900,contig_best,original,1.1,0.9749999940395355,0.0765,-2
[2],7900,contig_best,original,1.1,0.9309999942779541,0.959,-1
[2],8000,contig_best,original,1.1,0.9460000097751617,0.975,5000
[2],8000,contig_best,original,1.1,0.9800000190734863,0.0955,-2
[2],8000,contig_best,original,1.1,0.9365000128746033,0.9685,-1
[2],8100,contig_best,original,1.1,0.9410000145435333,0.9645,5000
[2],8100,contig_best,original,1.1,0.9715000092983246,0.0825,-2
[2],8100,contig_best,original,1.1,0.9325000047683716,0.964,-1
[2],8200,contig_best,original,1.1,0.9435000121593475,0.964,5000
[2],8200,contig_best,original,1.1,0.9780000150203705,0.08,-2
[2],8200,contig_best,original,1.1,0.934499979019165,0.9585,-1
[2],8300,contig_best,original,1.1,0.9354999959468842,0.978,5000
[2],8300,contig_best,original,1.1,0.9769999980926514,0.089,-2
[2],8300,contig_best,original,1.1,0.9194999933242798,0.9755,-1
[2],8400,contig_best,original,1.1,0.9395000040531158,0.9745,5000
[2],8400,contig_best,original,1.1,0.9769999980926514,0.09,-2
[2],8400,contig_best,original,1.1,0.94200000166893,0.9745,-1
[2],8500,contig_best,original,1.1,0.9449999928474426,0.97,5000
[2],8500,contig_best,original,1.1,0.9745000004768372,0.0955,-2
[2],8500,contig_best,original,1.1,0.9399999976158142,0.9755,-1
[2],8600,contig_best,original,1.1,0.9365000128746033,0.9685,5000
[2],8600,contig_best,original,1.1,0.9695000052452087,0.0915,-2
[2],8600,contig_best,original,1.1,0.9340000152587891,0.9645,-1
[2],8700,contig_best,original,1.1,0.9415000081062317,0.9645,5000
[2],8700,contig_best,original,1.1,0.9774999916553497,0.0825,-2
[2],8700,contig_best,original,1.1,0.9449999928474426,0.969,-1
[2],8800,contig_best,original,1.1,0.9404999911785126,0.9685,5000
[2],8800,contig_best,original,1.1,0.9749999940395355,0.0835,-2
[2],8800,contig_best,original,1.1,0.945499986410141,0.9705,-1
[2],8900,contig_best,original,1.1,0.9320000112056732,0.975,5000
[2],8900,contig_best,original,1.1,0.9799999892711639,0.0875,-2
[2],8900,contig_best,original,1.1,0.9364999830722809,0.969,-1
[2],9000,contig_best,original,1.1,0.93299999833107,0.977,5000
[2],9000,contig_best,original,1.1,0.9745000004768372,0.085,-2
[2],9000,contig_best,original,1.1,0.9345000088214874,0.9735,-1
[2],9100,contig_best,original,1.1,0.9245000183582306,0.979,5000
[2],9100,contig_best,original,1.1,0.976500004529953,0.085,-2
[2],9100,contig_best,original,1.1,0.9384999871253967,0.98,-1
[2],9200,contig_best,original,1.1,0.9345000088214874,0.9735,5000
[2],9200,contig_best,original,1.1,0.9695000052452087,0.0905,-2
[2],9200,contig_best,original,1.1,0.9395000040531158,0.98,-1
[2],9300,contig_best,original,1.1,0.949999988079071,0.977,5000
[2],9300,contig_best,original,1.1,0.9809999763965607,0.085,-2
[2],9300,contig_best,original,1.1,0.9440000057220459,0.964,-1
[2],9400,contig_best,original,1.1,0.9490000009536743,0.974,5000
[2],9400,contig_best,original,1.1,0.9724999964237213,0.0955,-2
[2],9400,contig_best,original,1.1,0.9480000138282776,0.9695,-1
[2],9500,contig_best,original,1.1,0.9520000219345093,0.969,5000
[2],9500,contig_best,original,1.1,0.973499983549118,0.085,-2
[2],9500,contig_best,original,1.1,0.94200000166893,0.9715,-1
[2],9600,contig_best,original,1.1,0.9449999928474426,0.9715,5000
[2],9600,contig_best,original,1.1,0.979500025510788,0.087,-2
[2],9600,contig_best,original,1.1,0.9490000009536743,0.9725,-1
[2],9700,contig_best,original,1.1,0.9449999928474426,0.973,5000
[2],9700,contig_best,original,1.1,0.9755000174045563,0.0785,-2
[2],9700,contig_best,original,1.1,0.9435000121593475,0.9675,-1
[2],9800,contig_best,original,1.1,0.9404999911785126,0.9795,5000
[2],9800,contig_best,original,1.1,0.9774999916553497,0.0915,-2
[2],9800,contig_best,original,1.1,0.9444999992847443,0.9775,-1
[2],9900,contig_best,original,1.1,0.9480000138282776,0.98,5000
[2],9900,contig_best,original,1.1,0.9785000085830688,0.0895,-2
[2],9900,contig_best,original,1.1,0.9449999928474426,0.9715,-1
[2],10000,contig_best,original,1.1,0.9469999969005585,0.972,5000
[2],10000,contig_best,original,1.1,0.9675000011920929,0.0925,-2
[2],10000,contig_best,original,1.1,0.9469999969005585,0.972,-1
[3],0,contig_best,original,1.1,0.9774999916553497,0.0905,1000
[3],0,contig_best,original,1.1,0.9760000109672546,0.0935,-2
[3],0,contig_best,original,1.1,0.9745000004768372,0.098,-1
[3],100,contig_best,original,1.1,0.7229999899864197,0.691,5000
[3],100,contig_best,original,1.1,0.9774999916553497,0.1005,-2
[3],100,contig_best,original,1.1,0.7225000262260437,0.7045,-1
[3],200,contig_best,original,1.1,0.8104999959468842,0.7925,5000
[3],200,contig_best,original,1.1,0.9785000085830688,0.0845,-2
[3],200,contig_best,original,1.1,0.8100000023841858,0.7865,-1
[3],300,contig_best,original,1.1,0.800000011920929,0.8155,4000
[3],300,contig_best,original,1.1,0.973499983549118,0.0925,-2
[3],300,contig_best,original,1.1,0.8104999959468842,0.8165,-1
[3],400,contig_best,original,1.1,0.8229999840259552,0.824,5000
[3],400,contig_best,original,1.1,0.9745000004768372,0.0875,-2
[3],400,contig_best,original,1.1,0.8360000252723694,0.8195,-1
[3],500,contig_best,original,1.1,0.8425000011920929,0.84,5000
[3],500,contig_best,original,1.1,0.9705000221729279,0.1,-2
[3],500,contig_best,original,1.1,0.8389999866485596,0.8525,-1
[3],600,contig_best,original,1.1,0.8684999942779541,0.8755,5000
[3],600,contig_best,original,1.1,0.9725000262260437,0.0965,-2
[3],600,contig_best,original,1.1,0.8715000152587891,0.8805,-1
[3],700,contig_best,original,1.1,0.8875000178813934,0.884,5000
[3],700,contig_best,original,1.1,0.9735000133514404,0.0905,-2
[3],700,contig_best,original,1.1,0.882999986410141,0.879,-1
[3],800,contig_best,original,1.1,0.8974999785423279,0.9365,5000
[3],800,contig_best,original,1.1,0.9814999997615814,0.093,-2
[3],800,contig_best,original,1.1,0.8930000066757202,0.926,-1
[3],900,contig_best,original,1.1,0.9090000092983246,0.9275,5000
[3],900,contig_best,original,1.1,0.9714999794960022,0.093,-2
[3],900,contig_best,original,1.1,0.8879999816417694,0.929,-1
[3],1000,contig_best,original,1.1,0.9004999995231628,0.9475,5000
[3],1000,contig_best,original,1.1,0.9800000190734863,0.094,-2
[3],1000,contig_best,original,1.1,0.9085000157356262,0.947,-1
[3],1100,contig_best,original,1.1,0.9169999957084656,0.9215,5000
[3],1100,contig_best,original,1.1,0.9724999964237213,0.0815,-2
[3],1100,contig_best,original,1.1,0.9069999754428864,0.9285,-1
[3],1200,contig_best,original,1.1,0.9200000166893005,0.95,5000
[3],1200,contig_best,original,1.1,0.9745000004768372,0.091,-2
[3],1200,contig_best,original,1.1,0.9135000109672546,0.944,-1
[3],1300,contig_best,original,1.1,0.9185000061988831,0.9365,5000
[3],1300,contig_best,original,1.1,0.9759999811649323,0.0865,-2
[3],1300,contig_best,original,1.1,0.9230000078678131,0.946,-1
[3],1400,contig_best,original,1.1,0.9235000014305115,0.9415,5000
[3],1400,contig_best,original,1.1,0.972000002861023,0.0965,-2
[3],1400,contig_best,original,1.1,0.9275000095367432,0.941,-1
[3],1500,contig_best,original,1.1,0.9375,0.952,5000
[3],1500,contig_best,original,1.1,0.9745000004768372,0.0855,-2
[3],1500,contig_best,original,1.1,0.9270000159740448,0.9505,-1
[3],1600,contig_best,original,1.1,0.9334999918937683,0.9615,4000
[3],1600,contig_best,original,1.1,0.9769999980926514,0.0875,-2
[3],1600,contig_best,original,1.1,0.9379999935626984,0.9655,-1
[3],1700,contig_best,original,1.1,0.9380000233650208,0.9675,5000
[3],1700,contig_best,original,1.1,0.9794999957084656,0.0965,-2
[3],1700,contig_best,original,1.1,0.9369999766349792,0.964,-1
[3],1800,contig_best,original,1.1,0.9474999904632568,0.9605,5000
[3],1800,contig_best,original,1.1,0.9760000109672546,0.093,-2
[3],1800,contig_best,original,1.1,0.9404999911785126,0.964,-1
[3],1900,contig_best,original,1.1,0.9365000128746033,0.974,5000
[3],1900,contig_best,original,1.1,0.9769999980926514,0.083,-2
[3],1900,contig_best,original,1.1,0.9360000193119049,0.976,-1
[3],2000,contig_best,original,1.1,0.9449999928474426,0.975,5000
[3],2000,contig_best,original,1.1,0.9729999899864197,0.09,-2
[3],2000,contig_best,original,1.1,0.9505000114440918,0.9705,-1
[3],2100,contig_best,original,1.1,0.9479999840259552,0.9755,4000
[3],2100,contig_best,original,1.1,0.9780000150203705,0.0895,-2
[3],2100,contig_best,original,1.1,0.9415000081062317,0.9905,-1
[3],2200,contig_best,original,1.1,0.9424999952316284,0.981,5000
[3],2200,contig_best,original,1.1,0.9729999899864197,0.0915,-2
[3],2200,contig_best,original,1.1,0.9519999921321869,0.981,-1
[3],2300,contig_best,original,1.1,0.9409999847412109,0.9815,5000
[3],2300,contig_best,original,1.1,0.9819999933242798,0.091,-2
[3],2300,contig_best,original,1.1,0.9375,0.983,-1
[3],2400,contig_best,original,1.1,0.9545000195503235,0.9855,5000
[3],2400,contig_best,original,1.1,0.9729999899864197,0.0945,-2
[3],2400,contig_best,original,1.1,0.9580000042915344,0.9835,-1
[3],2500,contig_best,original,1.1,0.948500007390976,0.9865,5000
[3],2500,contig_best,original,1.1,0.9764999747276306,0.083,-2
[3],2500,contig_best,original,1.1,0.9575000107288361,0.99,-1
[3],2600,contig_best,original,1.1,0.9564999938011169,0.985,5000
[3],2600,contig_best,original,1.1,0.9774999916553497,0.092,-2
[3],2600,contig_best,original,1.1,0.9605000019073486,0.9865,-1
[3],2700,contig_best,original,1.1,0.9645000100135803,0.989,4000
[3],2700,contig_best,original,1.1,0.9729999899864197,0.098,-2
[3],2700,contig_best,original,1.1,0.9584999978542328,0.9865,-1
[3],2800,contig_best,original,1.1,0.9620000123977661,0.994,5000
[3],2800,contig_best,original,1.1,0.9749999940395355,0.0895,-2
[3],2800,contig_best,original,1.1,0.9599999785423279,0.9915,-1
[3],2900,contig_best,original,1.1,0.9634999930858612,0.99,5000
[3],2900,contig_best,original,1.1,0.9735000133514404,0.0915,-2
[3],2900,contig_best,original,1.1,0.9629999995231628,0.9895,-1
[3],3000,contig_best,original,1.1,0.972000002861023,0.986,4000
[3],3000,contig_best,original,1.1,0.9729999899864197,0.092,-2
[3],3000,contig_best,original,1.1,0.9684999883174896,0.9875,-1
[3],3100,contig_best,original,1.1,0.9699999988079071,0.9905,5000
[3],3100,contig_best,original,1.1,0.9704999923706055,0.08,-2
[3],3100,contig_best,original,1.1,0.9650000035762787,0.986,-1
[3],3200,contig_best,original,1.1,0.9705000221729279,0.992,5000
[3],3200,contig_best,original,1.1,0.9780000150203705,0.091,-2
[3],3200,contig_best,original,1.1,0.9699999988079071,0.992,-1
[3],3300,contig_best,original,1.1,0.9705000221729279,0.992,5000
[3],3300,contig_best,original,1.1,0.9754999876022339,0.081,-2
[3],3300,contig_best,original,1.1,0.9705000221729279,0.9905,-1
[3],3400,contig_best,original,1.1,0.9659999907016754,0.9955,4000
[3],3400,contig_best,original,1.1,0.9760000109672546,0.086,-2
[3],3400,contig_best,original,1.1,0.9619999825954437,0.9935,-1
[3],3500,contig_best,original,1.1,0.9675000011920929,0.9955,5000
[3],3500,contig_best,original,1.1,0.9764999747276306,0.0955,-2
[3],3500,contig_best,original,1.1,0.9679999947547913,0.998,-1
[3],3600,contig_best,original,1.1,0.9704999923706055,0.995,5000
[3],3600,contig_best,original,1.1,0.9745000004768372,0.0855,-2
[3],3600,contig_best,original,1.1,0.9724999964237213,0.993,-1
[3],3700,contig_best,original,1.1,0.9709999859333038,0.995,5000
[3],3700,contig_best,original,1.1,0.9760000109672546,0.1,-2
[3],3700,contig_best,original,1.1,0.9760000109672546,0.9925,-1
[3],3800,contig_best,original,1.1,0.9715000092983246,0.996,5000
[3],3800,contig_best,original,1.1,0.9774999916553497,0.083,-2
[3],3800,contig_best,original,1.1,0.968500018119812,0.9945,-1
[3],3900,contig_best,original,1.1,0.972000002861023,0.9945,3000
[3],3900,contig_best,original,1.1,0.9724999964237213,0.084,-2
[3],3900,contig_best,original,1.1,0.9735000133514404,0.997,-1
[3],4000,contig_best,original,1.1,0.9750000238418579,0.9945,5000
[3],4000,contig_best,original,1.1,0.9755000174045563,0.0915,-2
[3],4000,contig_best,original,1.1,0.9740000069141388,0.9925,-1
[3],4100,contig_best,original,1.1,0.9790000021457672,0.9965,5000
[3],4100,contig_best,original,1.1,0.9735000133514404,0.094,-2
[3],4100,contig_best,original,1.1,0.9740000069141388,0.997,-1
[3],4200,contig_best,original,1.1,0.9715000092983246,0.998,5000
[3],4200,contig_best,original,1.1,0.9729999899864197,0.081,-2
[3],4200,contig_best,original,1.1,0.9740000069141388,0.9985,-1
[3],4300,contig_best,original,1.1,0.9729999899864197,0.996,4000
[3],4300,contig_best,original,1.1,0.9774999916553497,0.0855,-2
[3],4300,contig_best,original,1.1,0.9740000069141388,0.9975,-1
[3],4400,contig_best,original,1.1,0.9749999940395355,0.9965,4000
[3],4400,contig_best,original,1.1,0.9769999980926514,0.0895,-2
[3],4400,contig_best,original,1.1,0.9784999787807465,0.999,-1
[3],4500,contig_best,original,1.1,0.9760000109672546,0.9975,4000
[3],4500,contig_best,original,1.1,0.9755000174045563,0.088,-2
[3],4500,contig_best,original,1.1,0.9704999923706055,0.9985,-1
[3],4600,contig_best,original,1.1,0.9769999980926514,0.996,5000
[3],4600,contig_best,original,1.1,0.9774999916553497,0.096,-2
[3],4600,contig_best,original,1.1,0.9779999852180481,0.998,-1
[3],4700,contig_best,original,1.1,0.9769999980926514,0.9955,5000
[3],4700,contig_best,original,1.1,0.9754999876022339,0.082,-2
[3],4700,contig_best,original,1.1,0.972000002861023,0.995,-1
[3],4800,contig_best,original,1.1,0.976500004529953,0.999,5000
[3],4800,contig_best,original,1.1,0.9780000150203705,0.084,-2
[3],4800,contig_best,original,1.1,0.9755000174045563,0.9995,-1
[3],4900,contig_best,original,1.1,0.973499983549118,0.999,4000
[3],4900,contig_best,original,1.1,0.9724999964237213,0.1035,-2
[3],4900,contig_best,original,1.1,0.9755000174045563,0.999,-1
[3],5000,contig_best,original,1.1,0.9785000085830688,0.998,4000
[3],5000,contig_best,original,1.1,0.9779999852180481,0.091,-2
[3],5000,contig_best,original,1.1,0.9729999899864197,0.998,-1
[3],5100,contig_best,original,1.1,0.9759999811649323,0.999,5000
[3],5100,contig_best,original,1.1,0.9745000004768372,0.085,-2
[3],5100,contig_best,original,1.1,0.9769999980926514,0.999,-1
[3],5200,contig_best,original,1.1,0.9820000231266022,0.999,5000
[3],5200,contig_best,original,1.1,0.9709999859333038,0.078,-2
[3],5200,contig_best,original,1.1,0.9790000021457672,0.998,-1
[3],5300,contig_best,original,1.1,0.9740000069141388,0.9995,5000
[3],5300,contig_best,original,1.1,0.9790000021457672,0.087,-2
[3],5300,contig_best,original,1.1,0.9794999957084656,0.9995,-1
[3],5400,contig_best,original,1.1,0.9799999892711639,0.998,4000
[3],5400,contig_best,original,1.1,0.973499983549118,0.0915,-2
[3],5400,contig_best,original,1.1,0.9755000174045563,0.9995,-1
[3],5500,contig_best,original,1.1,0.9745000004768372,0.9985,5000
[3],5500,contig_best,original,1.1,0.9735000133514404,0.089,-2
[3],5500,contig_best,original,1.1,0.9724999964237213,0.9995,-1
[3],5600,contig_best,original,1.1,0.9794999957084656,0.997,3000
[3],5600,contig_best,original,1.1,0.9745000004768372,0.089,-2
[3],5600,contig_best,original,1.1,0.9779999852180481,0.999,-1
[3],5700,contig_best,original,1.1,0.9810000061988831,0.9995,5000
[3],5700,contig_best,original,1.1,0.972000002861023,0.087,-2
[3],5700,contig_best,original,1.1,0.9824999868869781,0.9985,-1
[3],5800,contig_best,original,1.1,0.9740000069141388,0.999,4000
[3],5800,contig_best,original,1.1,0.9709999859333038,0.1,-2
[3],5800,contig_best,original,1.1,0.9794999957084656,0.9985,-1
[3],5900,contig_best,original,1.1,0.9800000190734863,0.9975,5000
[3],5900,contig_best,original,1.1,0.9730000197887421,0.0825,-2
[3],5900,contig_best,original,1.1,0.9794999957084656,0.9985,-1
[3],6000,contig_best,original,1.1,0.979500025510788,0.9975,5000
[3],6000,contig_best,original,1.1,0.9779999852180481,0.09,-2
[3],6000,contig_best,original,1.1,0.9745000004768372,0.9995,-1
[3],6100,contig_best,original,1.1,0.9780000150203705,0.999,5000
[3],6100,contig_best,original,1.1,0.9754999876022339,0.0785,-2
[3],6100,contig_best,original,1.1,0.976500004529953,0.999,-1
[3],6200,contig_best,original,1.1,0.976500004529953,0.999,5000
[3],6200,contig_best,original,1.1,0.9715000092983246,0.0875,-2
[3],6200,contig_best,original,1.1,0.976500004529953,0.9995,-1
[3],6300,contig_best,original,1.1,0.9825000166893005,0.9995,3000
[3],6300,contig_best,original,1.1,0.9740000069141388,0.0915,-2
[3],6300,contig_best,original,1.1,0.9869999885559082,0.9985,-1
[3],6400,contig_best,original,1.1,0.9819999933242798,0.9995,5000
[3],6400,contig_best,original,1.1,0.9785000085830688,0.092,-2
[3],6400,contig_best,original,1.1,0.9810000061988831,0.998,-1
[3],6500,contig_best,original,1.1,0.9774999916553497,0.9995,3000
[3],6500,contig_best,original,1.1,0.9755000174045563,0.09,-2
[3],6500,contig_best,original,1.1,0.976500004529953,0.9995,-1
[3],6600,contig_best,original,1.1,0.9814999997615814,0.9995,4000
[3],6600,contig_best,original,1.1,0.9755000174045563,0.0895,-2
[3],6600,contig_best,original,1.1,0.9814999997615814,0.9985,-1
[3],6700,contig_best,original,1.1,0.9805000126361847,0.9995,4000
[3],6700,contig_best,original,1.1,0.9785000085830688,0.092,-2
[3],6700,contig_best,original,1.1,0.9830000102519989,0.9985,-1
[3],6800,contig_best,original,1.1,0.9799999892711639,0.9995,5000
[3],6800,contig_best,original,1.1,0.964000016450882,0.087,-2
[3],6800,contig_best,original,1.1,0.9809999763965607,0.999,-1
[3],6900,contig_best,original,1.1,0.9835000038146973,0.999,4000
[3],6900,contig_best,original,1.1,0.976500004529953,0.085,-2
[3],6900,contig_best,original,1.1,0.9785000085830688,1.0,-1
[3],7000,contig_best,original,1.1,0.9810000061988831,0.999,5000
[3],7000,contig_best,original,1.1,0.9684999883174896,0.097,-2
[3],7000,contig_best,original,1.1,0.9819999933242798,0.999,-1
[3],7100,contig_best,original,1.1,0.9805000126361847,0.9995,5000
[3],7100,contig_best,original,1.1,0.9730000197887421,0.093,-2
[3],7100,contig_best,original,1.1,0.9760000109672546,0.999,-1
[3],7200,contig_best,original,1.1,0.9780000150203705,0.9995,4000
[3],7200,contig_best,original,1.1,0.9739999771118164,0.087,-2
[3],7200,contig_best,original,1.1,0.9779999852180481,1.0,-1
[3],7300,contig_best,original,1.1,0.9829999804496765,0.9995,4000
[3],7300,contig_best,original,1.1,0.9714999794960022,0.091,-2
[3],7300,contig_best,original,1.1,0.9835000038146973,0.999,-1
[3],7400,contig_best,original,1.1,0.9824999868869781,1.0,4000
[3],7400,contig_best,original,1.1,0.9729999899864197,0.0925,-2
[3],7400,contig_best,original,1.1,0.9790000021457672,1.0,-1
[3],7500,contig_best,original,1.1,0.9830000102519989,1.0,4000
[3],7500,contig_best,original,1.1,0.9729999899864197,0.085,-2
[3],7500,contig_best,original,1.1,0.9814999997615814,1.0,-1
[3],7600,contig_best,original,1.1,0.9799999892711639,1.0,5000
[3],7600,contig_best,original,1.1,0.9745000004768372,0.096,-2
[3],7600,contig_best,original,1.1,0.9805000126361847,0.9995,-1
[3],7700,contig_best,original,1.1,0.9799999892711639,0.9995,2000
[3],7700,contig_best,original,1.1,0.9790000021457672,0.094,-2
[3],7700,contig_best,original,1.1,0.9740000069141388,0.9995,-1
[3],7800,contig_best,original,1.1,0.9794999957084656,1.0,4000
[3],7800,contig_best,original,1.1,0.9729999899864197,0.098,-2
[3],7800,contig_best,original,1.1,0.9800000190734863,0.9995,-1
[3],7900,contig_best,original,1.1,0.9839999973773956,0.9995,5000
[3],7900,contig_best,original,1.1,0.9754999876022339,0.091,-2
[3],7900,contig_best,original,1.1,0.9839999973773956,1.0,-1
[3],8000,contig_best,original,1.1,0.9805000126361847,0.9995,4000
[3],8000,contig_best,original,1.1,0.9769999980926514,0.094,-2
[3],8000,contig_best,original,1.1,0.9769999980926514,0.999,-1
[3],8100,contig_best,original,1.1,0.9799999892711639,1.0,5000
[3],8100,contig_best,original,1.1,0.9769999980926514,0.09,-2
[3],8100,contig_best,original,1.1,0.9805000126361847,1.0,-1
[3],8200,contig_best,original,1.1,0.9790000021457672,1.0,3000
[3],8200,contig_best,original,1.1,0.9705000221729279,0.092,-2
[3],8200,contig_best,original,1.1,0.9785000085830688,0.9995,-1
[3],8300,contig_best,original,1.1,0.9794999957084656,0.9995,5000
[3],8300,contig_best,original,1.1,0.9704999923706055,0.0965,-2
[3],8300,contig_best,original,1.1,0.9835000038146973,0.9995,-1
[3],8400,contig_best,original,1.1,0.9830000102519989,0.999,5000
[3],8400,contig_best,original,1.1,0.9754999876022339,0.092,-2
[3],8400,contig_best,original,1.1,0.9830000102519989,1.0,-1
[3],8500,contig_best,original,1.1,0.9820000231266022,0.999,5000
[3],8500,contig_best,original,1.1,0.9770000278949738,0.0935,-2
[3],8500,contig_best,original,1.1,0.9810000061988831,0.9995,-1
[3],8600,contig_best,original,1.1,0.9835000038146973,0.999,4000
[3],8600,contig_best,original,1.1,0.9785000085830688,0.083,-2
[3],8600,contig_best,original,1.1,0.9824999868869781,1.0,-1
[3],8700,contig_best,original,1.1,0.9799999892711639,1.0,4000
[3],8700,contig_best,original,1.1,0.9740000069141388,0.091,-2
[3],8700,contig_best,original,1.1,0.9819999933242798,1.0,-1
[3],8800,contig_best,original,1.1,0.9800000190734863,0.9995,5000
[3],8800,contig_best,original,1.1,0.9740000069141388,0.099,-2
[3],8800,contig_best,original,1.1,0.9785000085830688,0.999,-1
[3],8900,contig_best,original,1.1,0.984499990940094,0.9995,2000
[3],8900,contig_best,original,1.1,0.9769999980926514,0.0745,-2
[3],8900,contig_best,original,1.1,0.9790000021457672,1.0,-1
[3],9000,contig_best,original,1.1,0.9839999973773956,0.9995,5000
[3],9000,contig_best,original,1.1,0.9754999876022339,0.09,-2
[3],9000,contig_best,original,1.1,0.9819999933242798,0.9995,-1
[3],9100,contig_best,original,1.1,0.9799999892711639,0.9995,4000
[3],9100,contig_best,original,1.1,0.9709999859333038,0.079,-2
[3],9100,contig_best,original,1.1,0.9805000126361847,1.0,-1
[3],9200,contig_best,original,1.1,0.9805000126361847,1.0,4000
[3],9200,contig_best,original,1.1,0.9774999916553497,0.092,-2
[3],9200,contig_best,original,1.1,0.9794999957084656,0.9995,-1
[3],9300,contig_best,original,1.1,0.9849999845027924,1.0,3000
[3],9300,contig_best,original,1.1,0.9769999980926514,0.0905,-2
[3],9300,contig_best,original,1.1,0.9839999973773956,1.0,-1
[3],9400,contig_best,original,1.1,0.9854999780654907,0.9995,4000
[3],9400,contig_best,original,1.1,0.9725000262260437,0.085,-2
[3],9400,contig_best,original,1.1,0.9839999973773956,0.9995,-1
[3],9500,contig_best,original,1.1,0.9830000102519989,0.999,5000
[3],9500,contig_best,original,1.1,0.976500004529953,0.107,-2
[3],9500,contig_best,original,1.1,0.9835000038146973,1.0,-1
[3],9600,contig_best,original,1.1,0.9845000207424164,0.9985,4000
[3],9600,contig_best,original,1.1,0.9774999916553497,0.0865,-2
[3],9600,contig_best,original,1.1,0.9814999997615814,0.999,-1
[3],9700,contig_best,original,1.1,0.9835000038146973,0.9985,4000
[3],9700,contig_best,original,1.1,0.9730000197887421,0.087,-2
[3],9700,contig_best,original,1.1,0.9830000102519989,1.0,-1
[3],9800,contig_best,original,1.1,0.9809999763965607,1.0,4000
[3],9800,contig_best,original,1.1,0.9790000021457672,0.0905,-2
[3],9800,contig_best,original,1.1,0.9774999916553497,1.0,-1
[3],9900,contig_best,original,1.1,0.9850000143051147,0.9995,4000
[3],9900,contig_best,original,1.1,0.9790000021457672,0.087,-2
[3],9900,contig_best,original,1.1,0.9779999852180481,1.0,-1
[3],10000,contig_best,original,1.1,0.984499990940094,0.9995,5000
[3],10000,contig_best,original,1.1,0.9745000004768372,0.0815,-2
[3],10000,contig_best,original,1.1,0.984499990940094,1.0,-1
